name,id,RS0015,RS0083,RS0095,RS0109,RS0175,RS0237,RS0247,RS0255,RS0307,RS0332,RS0343,RS0384,RS0406,RS0451,RS0468,RS0548
Blank-1,,1,0,1,0,1,1,0,0,0,0,0,0,0,0,0,0
Blank-2,,0,0,0,0,0,0,0,1,1,0,0,1,0,0,0,1
Blank-3,,0,0,0,0,0,0,0,0,0,0,1,1,0,0,1,1
Blank-4,,0,0,0,0,1,0,1,0,0,0,0,0,1,0,0,1
Blank-5,,0,0,1,0,0,0,0,0,0,0,0,0,0,1,1,1
Blank-6,,0,1,0,0,0,0,0,0,0,0,0,0,1,1,0,1
Blank-7,,0,0,0,0,1,0,0,0,0,0,0,1,0,1,0,1
Blank-8,,0,1,0,0,0,0,0,0,1,0,1,0,0,0,0,1
Blank-9,,0,1,0,0,0,0,1,0,0,0,0,1,0,0,0,1
Blank-10,,0,0,0,1,0,0,0,0,0,0,1,0,1,0,0,1
Blank-11,,1,0,0,1,0,0,0,0,0,0,0,0,0,0,1,1
AHI1,ENST00000533029.1,0,1,0,1,0,1,1,0,0,0,0,0,0,0,0,0
AKAP9,ENST00000356239.8,1,1,0,1,0,0,0,1,0,0,0,0,0,0,0,0
ANKRD36,ENST00000421946.2,0,0,1,0,1,0,1,1,0,0,0,0,0,0,0,0
ANKRD36C,ENST00000456556.5,1,0,0,0,0,1,1,1,0,0,0,0,0,0,0,0
ANXA1,ENST00000257497.11,0,1,1,0,1,0,0,0,1,0,0,0,0,0,0,0
APLP2,ENST00000278756.7,1,1,0,0,0,1,0,0,1,0,0,0,0,0,0,0
APRT,ENST00000378364.8,1,0,0,1,0,0,1,0,1,0,0,0,0,0,0,0
AQP5,ENST00000293599.7,0,0,0,1,0,1,0,1,1,0,0,0,0,0,0,0
AREG,ENST00000395748.8,0,1,0,0,0,0,1,1,1,0,0,0,0,0,0,0
ATP6V0B,ENST00000472174.7,1,0,0,1,1,0,0,0,0,1,0,0,0,0,0,0
BCL11A,ENST00000489516.7,0,0,1,1,0,1,0,0,0,1,0,0,0,0,0,0
BIRC3,ENST00000263464.9,0,1,1,0,0,0,1,0,0,1,0,0,0,0,0,0
BPTF,ENST00000581258.5,0,1,0,0,1,0,0,1,0,1,0,0,0,0,0,0
BTG1,ENST00000256015.5,0,0,0,0,1,0,1,0,1,1,0,0,0,0,0,0
C1orf21,ENST00000367514.7,0,0,1,0,0,0,0,1,1,1,0,0,0,0,0,0
CCDC88A,ENST00000426576.6,1,1,1,0,0,0,0,0,0,0,1,0,0,0,0,0
CD74,ENST00000353334.11,0,1,0,0,1,1,0,0,0,0,1,0,0,0,0,0
CDH19,ENST00000262150.7,0,0,0,1,1,0,1,0,0,0,1,0,0,0,0,0
CDK6,ENST00000265734.8,0,0,1,1,0,0,0,1,0,0,1,0,0,0,0,0
CENPF,ENST00000366955.8,1,0,0,0,1,0,0,0,1,0,1,0,0,0,0,0
CENPW,ENST00000368328.5,0,0,1,0,0,1,0,0,1,0,1,0,0,0,0,0
CGNL1,ENST00000281282.6,1,0,0,0,0,0,1,0,0,1,1,0,0,0,0,0
CLDN3,ENST00000395145.3,0,0,0,0,0,1,0,1,0,1,1,0,0,0,0,0
CLDN4,ENST00000340958.4,0,0,0,1,0,0,0,0,1,1,1,0,0,0,0,0
CLSPN,ENST00000251195.9,0,1,1,1,0,0,0,0,0,0,0,1,0,0,0,0
CNKSR3,ENST00000479339.5,1,0,0,0,1,0,1,0,0,0,0,1,0,0,0,0
COL27A1,ENST00000356083.8,0,0,1,0,0,1,1,0,0,0,0,1,0,0,0,0
COL4A1,ENST00000375820.10,1,0,1,0,0,0,0,1,0,0,0,1,0,0,0,0
COL9A2,ENST00000372748.8,0,0,0,0,1,1,0,1,0,0,0,1,0,0,0,0
COX7A2,ENST00000370089.6,0,0,0,1,1,0,0,0,1,0,0,1,0,0,0,0
COX7A2L,ENST00000234301.3,0,1,0,0,0,1,0,0,0,1,0,1,0,0,0,0
CRYAB,ENST00000525823.1,0,0,0,1,0,0,1,0,0,1,0,1,0,0,0,0
CST3,ENST00000376925.8,1,0,0,0,0,0,0,0,1,1,0,1,0,0,0,0
CYBA,ENST00000261623.8,1,0,0,1,0,0,0,0,0,0,1,1,0,0,0,0
DEK,ENST00000507591.2,0,1,0,0,0,0,0,1,0,0,1,1,0,0,0,0
DNMT1,ENST00000340748.8,0,0,0,0,0,0,1,0,1,0,1,1,0,0,0,0
DST,ENST00000244364.10,0,0,0,0,1,0,0,0,0,1,1,1,0,0,0,0
EGR1,ENST00000239938.5,0,0,1,1,1,0,0,0,0,0,0,0,1,0,0,0
ELOB,ENST00000409906.9,1,0,0,1,0,1,0,0,0,0,0,0,1,0,0,0
FAM111B,ENST00000343597.4,1,1,0,0,0,0,1,0,0,0,0,0,1,0,0,0
FAM3D,ENST00000358781.7,0,1,0,0,0,1,0,1,0,0,0,0,1,0,0,0
FBXO32,ENST00000517956.5,0,0,0,1,0,0,1,1,0,0,0,0,1,0,0,0
FXYD3,ENST00000604404.6,0,1,0,1,0,0,0,0,1,0,0,0,1,0,0,0
FZD1,ENST00000287934.4,0,0,0,0,0,1,1,0,1,0,0,0,1,0,0,0
GCNT2,ENST00000316170.9,1,0,0,0,0,0,0,1,1,0,0,0,1,0,0,0
GK5,ENST00000480757.5,1,0,1,0,0,0,0,0,0,1,0,0,1,0,0,0
GSTP1,ENST00000398606.10,0,0,0,0,1,1,0,0,0,1,0,0,1,0,0,0
HELLS,ENST00000371327.3,0,0,1,0,0,0,1,0,0,0,1,0,1,0,0,0
HLA-A,ENST00000376802.2,0,0,0,0,1,0,0,1,0,0,1,0,1,0,0,0
HLA-C,ENST00000415537.1,0,1,0,0,0,0,0,0,0,1,1,0,1,0,0,0
HNRNPAB,ENST00000358344.8,0,1,0,0,1,0,0,0,0,0,0,1,1,0,0,0
HSPH1,ENST00000630972.2,0,0,1,0,0,0,0,0,1,0,0,1,1,0,0,0
ID4,ENST00000378700.8,0,0,0,0,0,0,0,1,0,1,0,1,1,0,0,0
IER2,ENST00000292433.4,0,0,0,0,0,1,0,0,0,0,1,1,1,0,0,0
ITGA6,ENST00000264107.12,1,0,1,1,0,0,0,0,0,0,0,0,0,1,0,0
KCNN4,ENST00000600909.1,0,0,0,1,1,1,0,0,0,0,0,0,0,1,0,0
KIAA1755,ENST00000611812.1,0,1,0,0,1,0,1,0,0,0,0,0,0,1,0,0
KMT2A,ENST00000534358.8,0,1,1,0,0,0,0,1,0,0,0,0,0,1,0,0
LMAN1,ENST00000251047.6,0,0,1,0,0,0,1,0,1,0,0,0,0,1,0,0
LSM3,ENST00000306024.4,0,0,0,0,1,0,0,1,1,0,0,0,0,1,0,0
MAML2,ENST00000524717.6,0,0,1,0,1,0,0,0,0,1,0,0,0,1,0,0
MARCKS,ENST00000612661.2,1,0,0,0,0,1,0,0,0,1,0,0,0,1,0,0
MMP7,ENST00000260227.5,0,0,0,0,0,0,1,1,0,1,0,0,0,1,0,0
MMS22L,ENST00000511335.5,0,1,0,0,0,0,0,0,1,1,0,0,0,1,0,0
MYH9,ENST00000216181.11,0,1,0,1,0,0,0,0,0,0,1,0,0,1,0,0
NDUFA4,ENST00000339600.6,0,0,0,0,0,1,1,0,0,0,1,0,0,1,0,0
NDUFB6,ENST00000379847.8,1,0,0,0,0,0,0,1,0,0,1,0,0,1,0,0
NES,ENST00000368223.4,1,1,0,0,0,0,0,0,0,0,0,1,0,1,0,0
NME1,ENST00000393196.8,0,0,0,1,0,0,0,1,0,0,0,1,0,1,0,0
NUCKS1,ENST00000367142.5,0,0,0,0,0,1,0,0,1,0,0,1,0,1,0,0
NUDT1,ENST00000356714.6,0,0,1,0,0,0,0,0,0,0,1,1,0,1,0,0
OBP2B,ENST00000473737.5,1,0,0,0,1,0,0,0,0,0,0,0,1,1,0,0
OGFRL1,ENST00000370435.5,0,0,1,0,0,1,0,0,0,0,0,0,1,1,0,0
PDIA6,ENST00000272227.8,0,0,0,1,0,0,0,0,0,1,0,0,1,1,0,0
PNRC1,ENST00000336032.4,0,0,0,0,0,0,0,0,1,0,1,0,1,1,0,0
POLR2L,ENST00000322028.5,0,0,0,0,0,0,1,0,0,0,0,1,1,1,0,0
PRELP,ENST00000343110.3,0,1,0,1,1,0,0,0,0,0,0,0,0,0,1,0
PRKDC,ENST00000314191.7,1,0,1,0,0,0,1,0,0,0,0,0,0,0,1,0
PRLR,ENST00000618457.5,0,0,0,0,1,1,1,0,0,0,0,0,0,0,1,0
PRPF4B,ENST00000337659.11,1,0,0,0,1,0,0,1,0,0,0,0,0,0,1,0
REL,ENST00000295025.12,0,0,1,0,0,1,0,1,0,0,0,0,0,0,1,0
RNF152,ENST00000312828.4,0,0,1,1,0,0,0,0,1,0,0,0,0,0,1,0
RNF19A,ENST00000341084.7,1,1,0,0,0,0,0,0,0,1,0,0,0,0,1,0
S100B,ENST00000291700.9,0,0,0,1,0,0,0,1,0,1,0,0,0,0,1,0
SAA1,ENST00000356524.9,0,0,0,0,0,1,0,0,1,1,0,0,0,0,1,0
SCGB3A1,ENST00000292641.4,0,0,0,1,0,1,0,0,0,0,1,0,0,0,1,0
SH3BGRL3,ENST00000270792.10,0,1,0,0,0,0,1,0,0,0,1,0,0,0,1,0
SHPRH,ENST00000367505.6,0,0,0,0,0,0,0,1,1,0,1,0,0,0,1,0
SIVA1,ENST00000329967.11,0,0,1,0,0,0,0,0,0,1,1,0,0,0,1,0
SLC12A2,ENST00000262461.7,0,0,1,0,1,0,0,0,0,0,0,1,0,0,1,0
SLC26A2,ENST00000286298.5,1,0,0,0,0,1,0,0,0,0,0,1,0,0,1,0
SMC1A,ENST00000322213.9,0,0,0,0,0,0,1,1,0,0,0,1,0,0,1,0
SNRPG,ENST00000272348.7,0,1,0,0,0,0,0,0,1,0,0,1,0,0,1,0
SOX4,ENST00000244745.4,0,1,1,0,0,0,0,0,0,0,0,0,1,0,1,0
SPON2,ENST00000290902.10,0,0,0,0,1,0,0,0,1,0,0,0,1,0,1,0
SPTBN1,ENST00000467371.1,0,0,0,0,0,0,1,0,0,1,0,0,1,0,1,0
STC1,ENST00000290271.7,1,0,0,0,0,0,0,0,0,0,1,0,1,0,1,0
SYNE2,ENST00000555002.6,0,0,0,1,0,0,0,0,0,0,0,1,1,0,1,0
SYNM,ENST00000336292.11,0,1,0,0,0,1,0,0,0,0,0,0,0,1,1,0
SYNPO2,ENST00000307142.9,0,0,0,1,0,0,1,0,0,0,0,0,0,1,1,0
TIMP1,ENST00000218388.9,1,0,0,0,0,0,0,0,1,0,0,0,0,1,1,0
TMEM14C,ENST00000229563.6,0,0,0,0,1,0,0,0,0,0,1,0,0,1,1,0
TMEM258,ENST00000537328.6,0,0,0,0,0,0,0,0,0,1,0,1,0,1,1,0
TMEM87A,ENST00000389834.9,0,0,0,0,0,0,0,1,0,0,0,0,1,1,1,0
TOB1,ENST00000499247.3,1,1,0,0,1,0,0,0,0,0,0,0,0,0,0,1
TRIM44,ENST00000299413.7,0,1,1,0,0,1,0,0,0,0,0,0,0,0,0,1
TRPS1,ENST00000395715.8,0,0,1,1,0,0,1,0,0,0,0,0,0,0,0,1
UBE2S,ENST00000264552.14,0,0,0,1,1,0,0,1,0,0,0,0,0,0,0,1
UQCR11,ENST00000591899.8,1,0,1,0,0,0,0,0,1,0,0,0,0,0,0,1
USP1,ENST00000339950.5,0,0,0,0,1,1,0,0,1,0,0,0,0,0,0,1
VCAN,ENST00000505615.1,0,1,0,1,0,0,0,0,0,1,0,0,0,0,0,1
ZBTB20,ENST00000470186.1,0,0,0,0,0,1,1,0,0,1,0,0,0,0,0,1
ZNF106,ENST00000263805.8,1,0,0,0,0,0,0,1,0,1,0,0,0,0,0,1
PRRC2C,ENST00000367742.7,0,0,1,0,1,0,0,0,0,0,1,0,0,0,0,1
LY6E,ENST00000429120.6,1,0,0,0,0,1,0,0,0,0,1,0,0,0,0,1
NRP2,ENST00000360409.7,0,0,0,0,0,0,1,1,0,0,1,0,0,0,0,1
PAXBP1,ENST00000466846.5,0,0,0,1,0,1,0,0,0,0,0,1,0,0,0,1
EMID1,ENST00000334018.11,0,0,1,0,0,0,0,0,0,1,0,1,0,0,0,1
LGALS3BP,ENST00000262776.8,0,0,1,0,0,0,0,1,0,0,0,0,1,0,0,1
NPY1R,ENST00000296533.3,0,0,0,0,0,0,0,0,1,1,0,0,1,0,0,1
ZKSCAN1,ENST00000324306.11,1,0,0,0,0,0,0,0,0,0,0,1,1,0,0,1
MDM4,ENST00000367182.8,1,0,0,0,0,0,1,0,0,0,0,0,0,1,0,1
TPR,ENST00000367478.9,0,0,0,0,0,1,0,1,0,0,0,0,0,1,0,1
UQCR10,ENST00000330029.6,0,0,0,1,0,0,0,0,1,0,0,0,0,1,0,1
SEC61G,ENST00000352861.9,0,0,0,0,0,0,0,0,0,1,1,0,0,1,0,1
FAM46A,ENST00000320172.11,0,0,0,0,1,0,0,0,0,0,0,1,0,1,0,1
CALM1,ENST00000553542.5,0,1,0,0,0,0,0,1,0,0,0,0,0,0,1,1
DDT,ENST00000350608.7,0,0,0,0,0,0,1,0,1,0,0,0,0,0,1,1
PODXL,ENST00000378555.8,0,0,0,0,1,0,0,0,0,1,0,0,0,0,1,1
TRIM38,ENST00000357085.5,0,0,0,0,0,1,0,0,0,0,0,0,1,0,1,1
